add,xcoord,ycoord
test1,72.8792091463415,19.0832943902439
test2,72.8813296341463,19.0816579268293
test3,72.8837958536585,19.0790073170732
test4,72.8873223170732,19.0804132926829
test5,72.8858932926829,19.0862907317073
test6,72.8886821951219,19.0908543902439
test7,72.8929923170732,19.0843315853659
